Golf	https://www.avito.ma/fr/ain_diab/voitures/golf__8_tut_opzion__53713114.htm	golf 8 tut opzion	Casablanca	677 067 951 DH	Diesel	Automatique	8 CV	Voitures d'occasion, à vendre	Aïn Diab	Dédouanée	Oui	2022	GOLF 8	Très bon	5	Volkswagen	30 000 - 34 999	Wed 04 Oct 2023, 05:22AM
Golf	https://www.avito.ma/fr/amicales/voitures/Volkswagen_Golf_3_Diesel_Manuelle_1991_à_Agadir_53809632.htm	Volkswagen Golf 3 Diesel Manuelle 1991 à Agadir	Agadir	35 000 DH	Manuelle	Diesel	6 CV	Voitures d'occasion, à vendre	Amicales	3	250 000 - 299 999	Dédouanée	Volkswagen	Oui	1991	Bon	GOLF 3	Wed 04 Oct 2023, 05:22AM
Golf	https://www.avito.ma/fr/hay_el_fath/voitures/Volkswagen_Golf_7_Diesel_Automatique_2018_à_Rabat_53809588.htm	Volkswagen Golf 7 Diesel Automatique 2018 à Rabat	Rabat	240 000 DH	8 CV	Diesel	Automatique	Voitures d'occasion, à vendre	Hay el Fath	GOLF 7	90 000 - 94 999	Volkswagen	2018	Excellent	Non	Importée neuve		Wed 04 Oct 2023, 05:22AM
Golf	https://www.avito.ma/fr/oulfa/voitures/volkswagen_golf_GTD__7_5_tdi__52632732.htm	volkswagen golf GTD 7.5 tdi	Casablanca	308 000 DH	8 CV	Diesel	Automatique	Voitures d'occasion, à vendre	Oulfa	GOLF 7	110 000 - 119 999	2017	Bon	Volkswagen	5	Dédouanée	Non	Wed 04 Oct 2023, 05:22AM
Golf	https://www.avito.ma/fr/medina/voitures/golf_4__1_9_TDI_zaj_4_électrique__53809517.htm	golf 4 1.9 TDI zaj 4 électrique	Tétouan	45 000 DH	8 CV	Manuelle	Diesel	Voitures d'occasion, à vendre	Medina	Non	5	GOLF 4	1998	Dédouanée	Volkswagen	300 000 - 349 999		Wed 04 Oct 2023, 05:22AM
Golf	https://www.avito.ma/fr/berrechid/voitures/Golf_4_Diesel__53809268.htm	Golf 4 Diesel	Berrechid	62 000 DH	Manuelle	8 CV	Diesel	Voitures d'occasion, à vendre	Toute la ville	Excellent	Dédouanée	GOLF 4	200 000 - 249 999	2000	5	Volkswagen	Non	Wed 04 Oct 2023, 05:22AM
Golf	https://www.avito.ma/fr/route_de_sefrou/voitures/golf_7_53809201.htm	golf 7	Fès	170 000 DH	8 CV	Diesel	Manuelle	Voitures d'occasion, à vendre	Route de Sefrou	2014	150 000 - 159 999	Volkswagen	5	Dédouanée	GOLF 7	Très bon	Non	Wed 04 Oct 2023, 05:22AM
Golf	https://www.avito.ma/fr/zitoune/voitures/_GOLF_7_GTD_déedounée_2022_53809174.htm	GOLF 7 GTD déedounée 2022	Meknès	242 000 DH	Diesel	8 CV	Automatique	Voitures d'occasion, à vendre	Zitoune	200 000 - 249 999	Non	Volkswagen	Dédouanée	5	GOLF 7	2014	Excellent	Wed 04 Oct 2023, 05:22AM
Golf	https://www.avito.ma/fr/arghoud/voitures/_golf_4_modil_2003_diwana_2007_50291967.htm	golf 4 modil 2003 diwana 2007	Agadir	76 000 DH	Manuelle	8 CV	Diesel	Voitures d'occasion, à vendre	Arghoud	Très bon	Volkswagen	5	Non	2003	GOLF 4	Dédouanée	150 000 - 159 999	Wed 04 Oct 2023, 05:22AM
Golf	https://www.avito.ma/fr/ahlane/voitures/Golf_5___6éme_53684276.htm	Golf 5 6éme	Tanger	67 000 DH	Manuelle	Diesel	8 CV	Voitures d'occasion, à vendre	Ahlane	WW au Maroc	Non	2004	Volkswagen	5	Très bon	200 000 - 249 999	GOLF 5	Wed 04 Oct 2023, 05:22AM
Golf	https://www.avito.ma/fr/agadir_oufella/voitures/Volkswagen_Golf_5_Diesel_Manuelle_2008_à_Agadir_52903568.htm	Volkswagen Golf 5 Diesel Manuelle 2008 à Agadir	Agadir	78 000 DH	Diesel	Manuelle	8 CV	Voitures d'occasion, à vendre	Agadir Oufella	2008	Très bon	Non	300 000 - 349 999	Volkswagen	GOLF 5	WW au Maroc		Wed 04 Oct 2023, 05:22AM
Golf	https://www.avito.ma/fr/autre_secteur/voitures/Volkswagen_Golf_7_Diesel_berline_2014_à_Oujda_51795408.htm	Volkswagen Golf 7 Diesel berline 2014 à Oujda	Oujda	132 000 DH	Manuelle	6 CV	Diesel	Voitures d'occasion, à vendre	Autre secteur	2014	5	Dédouanée	Oui	GOLF 7	Excellent	200 000 - 249 999	Volkswagen	Wed 04 Oct 2023, 05:22AM
Golf	https://www.avito.ma/fr/malabata/voitures/Volkswagen_Golf_8_Essence_Automatique_2023_53570508.htm	Volkswagen Golf 8 Essence Automatique 2023	Tanger	750 000 DH	Essence	11 CV	Automatique	Voitures d'occasion, à vendre	Malabata	0 - 4 999	5	GOLF 8	Oui	2023	Volkswagen	Neuf	Importée neuve	Wed 04 Oct 2023, 05:22AM
Golf	https://www.avito.ma/fr/el_qaria/voitures/Volkswagen_Golf_5__53808455.htm	Volkswagen Golf 5	Salé	62 000 DH	Diesel	8 CV	Manuelle	Voitures d'occasion, à vendre	El Qaria	Volkswagen	Dédouanée	GOLF 5	Non	2003	5	250 000 - 299 999		Wed 04 Oct 2023, 05:22AM
Golf	https://www.avito.ma/fr/centre_ville/voitures/Golf_7_GTD__53808437.htm	Golf 7 GTD	Tanger	350 000 DH	8 CV	Diesel	Automatique	Voitures d'occasion, à vendre	Centre ville	5	Volkswagen	90 000 - 94 999	Très bon	GOLF 7	Dédouanée	2019		Wed 04 Oct 2023, 05:22AM
Golf	https://www.avito.ma/fr/al_aroui/voitures/Volkswagen_golf_6__53808434.htm	Volkswagen golf 6	Nador	115 000 DH	6 CV	Manuelle	Diesel	Voitures d'occasion, à vendre	Al aroui	20 000 - 24 999	GOLF 6	Non	2010	Dédouanée	5	Volkswagen	Excellent	Wed 04 Oct 2023, 05:23AM
Golf	https://www.avito.ma/fr/ain_chock/voitures/Volkswagen_golf_6__2_litres_53712031.htm	Volkswagen golf 6 2 litres	Casablanca	118 000 DH	Manuelle	8 CV	Diesel	Voitures d'occasion, à vendre	Aïn Chock	Dédouanée	2009	Volkswagen	Non	20 000 - 24 999	Excellent	5	GOLF 6	Wed 04 Oct 2023, 05:23AM
Golf	https://www.avito.ma/fr/quartier_des_hopitaux/voitures/Maserati_levante__51564295.htm	Maserati levante	Casablanca	405 000 DH	12 CV	Diesel	Automatique	Voitures d'occasion, à vendre	Quartier des Hôpitaux	130 000 - 139 999	Levante	Maserati	5	2016	Excellent	WW au Maroc	Non	Wed 04 Oct 2023, 05:23AM
Golf	https://www.avito.ma/fr/autre_secteur/voitures/Volkswagen_Golf_7_Diesel_Automatique_2019_52273740.htm	Volkswagen Golf 7 Diesel Automatique 2019	Marrakech	220 000 DH	8 CV	Diesel	Automatique	Voitures d'occasion, à vendre	Autre secteur	5	2019	GOLF 7	Excellent	WW au Maroc	Oui	Volkswagen	80 000 - 84 999	Wed 04 Oct 2023, 05:23AM
Golf	https://www.avito.ma/fr/quartier_des_hopitaux/voitures/Golf_7_Diesel_Automatique_paks_GTD_52092337.htm	Golf 7 Diesel Automatique paks GTD	Casablanca	225 000 DH	8 CV	Diesel	Automatique	Voitures d'occasion, à vendre	Quartier des Hôpitaux	Volkswagen	GOLF 7	75 000 - 79 999	Excellent	2019	Oui	WW au Maroc	5	Wed 04 Oct 2023, 05:23AM
Golf	https://www.avito.ma/fr/ahlane/voitures/Volkswagen_Golf_6_Diesel_Manuelle_2009_à_Tanger_53683933.htm	Volkswagen Golf 6 Diesel Manuelle 2009 à Tanger	Tanger	107 000 DH	8 CV	Manuelle	Diesel	Voitures d'occasion, à vendre	Ahlane	5	GOLF 6	Non	Volkswagen	Dédouanée	200 000 - 249 999	2009	Très bon	Wed 04 Oct 2023, 05:23AM
Golf	https://www.avito.ma/fr/centre_ville/voitures/Vw_golf_7_automatic__39123311.htm	Vw golf 7 automatic	Tanger	185 000 DH	Automatique	Diesel	8 CV	Voitures d'occasion, à vendre	Centre ville	Volkswagen	2018	Non	5	Excellent	WW au Maroc	GOLF 7	80 000 - 84 999	Wed 04 Oct 2023, 05:23AM
Golf	https://www.avito.ma/fr/autre_secteur/voitures/Volkswagen_Golf_7_Diesel_Automatique__45243115.htm	Volkswagen Golf 7 Diesel Automatique	Tanger	292 000 DH	Automatique	8 CV	Diesel	Voitures d'occasion, à vendre	Autre secteur	190 000 - 199 999	Très bon	5	Non	Volkswagen	2017	GOLF 7	Dédouanée	Wed 04 Oct 2023, 05:23AM
Golf	https://www.avito.ma/fr/safir/voitures/Golf_7_5_Gtd_full_options__52986898.htm	Golf 7.5 Gtd full options	Tétouan	310 000 DH	8 CV	Automatique	Diesel	Voitures d'occasion, à vendre	Safir	140 000 - 149 999	GOLF 7	Excellent	Volkswagen	5	Dédouanée	Non	2018	Wed 04 Oct 2023, 05:23AM
Golf	https://www.avito.ma/fr/autre_secteur/voitures/golf_5__53807789.htm	golf 5	Nador	90 000 DH	Diesel	8 CV	Manuelle	Voitures d'occasion, à vendre	Autre secteur	2005	200 000 - 249 999	Très bon	GOLF 5	5	Volkswagen	Non	Dédouanée	Wed 04 Oct 2023, 05:23AM
Golf	https://www.avito.ma/fr/al_qods/voitures/GOLF_7_1er_Main_Diesel_53349270.htm	GOLF 7 1er Main Diesel	Casablanca	145 000 DH	Diesel	Manuelle	8 CV	Voitures d'occasion, à vendre	Al Qods	Volkswagen	WW au Maroc	5	Excellent	Oui	GOLF 7	130 000 - 139 999	2013	Wed 04 Oct 2023, 05:23AM
Golf	https://www.avito.ma/fr/centre/voitures/Volkswagen_Golf_7_GTD_Diesel_Auto_2018___déd_2022_53778567.htm	Volkswagen Golf 7 GTD Diesel Auto 2018 / déd 2022	Kénitra	293 000 DH	Diesel	8 CV	Automatique	Voitures d'occasion, à vendre	Centre	Excellent	Dédouanée	2018	Non	Volkswagen	GOLF 7	170 000 - 179 999	5	Wed 04 Oct 2023, 05:23AM
Golf	https://www.avito.ma/fr/gueliz/voitures/Volkswagen_Golf_8_Diesel_Automatique_2021_53599251.htm	Volkswagen Golf 8 Diesel Automatique 2021	Marrakech	455 000 DH	Automatique	Diesel	9 CV	Voitures d'occasion, à vendre	Guéliz	2021	GOLF 8	Excellent	Volkswagen	60 000 - 64 999	5	Oui	Importée neuve	Wed 04 Oct 2023, 05:23AM
Golf	https://www.avito.ma/fr/yacoub_el_mansour/voitures/Volkswagen_Golf_Diesel_Manuelle_2002_à_Rabat_53807496.htm	Volkswagen Golf Diesel Manuelle 2002 à Rabat	Rabat	83 000 DH	Diesel	8 CV	Manuelle	Voitures d'occasion, à vendre	Yacoub El Mansour	Volkswagen	Golf	2002	5	Plus de 500 000	Excellent	Non	Dédouanée	Wed 04 Oct 2023, 05:23AM
Golf	https://www.avito.ma/fr/el_haouzia/voitures/golf_7_automatique_gtd_53807494.htm	golf 7 automatique gtd	Kénitra	195 000 DH	Automatique	Diesel	8 CV	Voitures d'occasion, à vendre	El Haouzia	5	Dédouanée	Volkswagen	Non	GOLF 7	Excellent	130 000 - 139 999	2018	Wed 04 Oct 2023, 05:23AM
Golf	https://www.avito.ma/fr/sidi_bernoussi/voitures/renault_megane_3__53656737.htm	renault megane 3	Casablanca	93 000 DH	Manuelle	Diesel	7 CV	Voitures d'occasion, à vendre	Sidi Bernoussi	WW au Maroc	5	Non	2011	170 000 - 179 999	Très bon	Megane 3	Renault	Wed 04 Oct 2023, 05:23AM
Golf	https://www.avito.ma/fr/californie/voitures/volkswagen_touareg_R5_53633290.htm	volkswagen touareg R5	Casablanca	63 000 DH	Diesel	10 CV	Manuelle	Voitures d'occasion, à vendre	Californie	Non	Volkswagen	Très bon	5	2005	Dédouanée	Touareg	180 000 - 189 999	Wed 04 Oct 2023, 05:23AM
Golf	https://www.avito.ma/fr/agdal/voitures/Volkswagen_Golf_7__53801331.htm	Volkswagen Golf 7	Fès	179 000 DH	Diesel	Manuelle	8 CV	Voitures d'occasion, à vendre	Agdal	WW au Maroc	Non	GOLF 7	120 000 - 129 999	5	Volkswagen	Excellent	2017	Wed 04 Oct 2023, 05:23AM
Golf	https://www.avito.ma/fr/sidi_bernoussi/voitures/Nissan_almera_53772664.htm	Nissan almera	Casablanca	26 000 DH	Diesel	8 CV	Manuelle	Voitures d'occasion, à vendre	Sidi Bernoussi	1999	Nissan	ALMERA	5	WW au Maroc	Non	170 000 - 179 999	Bon	Wed 04 Oct 2023, 05:23AM
Golf	https://www.avito.ma/fr/massira/voitures/Volkswagen_Golf_7_Diesel_Manuelle_2016_à_Marrakech_53643390.htm	Volkswagen Golf 7 Diesel Manuelle 2016 à Marrakech	Marrakech	162 000 DH	Manuelle	Diesel	6 CV	Voitures d'occasion, à vendre	Massira	Oui	2016	WW au Maroc	GOLF 7	Volkswagen	5	80 000 - 84 999	Excellent	Wed 04 Oct 2023, 05:23AM
